user_id,posted,item_id,recommend,sentiment_analysis
OfficialShroomsy,"Posted December 6, 2013.",113200,True,2
76561198079770573,"Posted October 14, 2015.",1840,True,1
MainScout,Posted February 26.,550,True,1
therealmorty,"Posted March 20, 2015.",351570,True,1
therealmorty,"Posted March 7, 2015.",212680,True,0
Berserklejerker,"Posted October 10, 2015.",391540,True,2
76561198056290589,"Posted December 16, 2014.",730,True,2
L1J1N,"Posted June 13, 2014.",570,True,2
Koolcaz12,Posted May 17.,298050,False,1
76561198115868847,Posted May 1.,219640,False,0
smashiroshh,"Posted December 30, 2014.",218620,True,1
76561198087010391,"Posted April 4, 2015.",4000,True,2
76561197995322437,"Posted July 23, 2015.",264710,True,2
76561198070263209,"Posted December 13, 2013.",570,True,1
76561198009001563,"Posted September 3, 2014.",570,True,1
Andraison,"Posted July 31, 2015.",22230,True,1
76561198055790408,"Posted December 6, 2013.",203770,True,2
76561198088538797,"Posted September 1, 2015.",209870,True,2
ARZARNAR,Posted March 31.,220200,True,1
scroopy22,Posted September 10.,236690,True,0
fatrangacuntnolifevirgin,"Posted July 29, 2014.",202970,True,2
PolygonCloud,Posted May 28.,205890,True,2
Ahahahahahahahahahahahahahahaha,Posted July 14.,363970,True,1
Ahahahahahahahahahahahahahahaha,"Posted September 13, 2014.",570,False,0
76561198030636321,"Posted April 2, 2015.",255710,True,1
76561198081496844,"Posted May 16, 2014.",6060,True,1
BrutalLegend69,"Posted February 28, 2013.",225260,True,2
brettebear,"Posted June 20, 2014.",220780,True,2
76561198079351819,Posted August 7.,316010,True,1
Stormaggen,"Posted April 1, 2015.",42910,True,0
76561197996741396,"Posted December 1, 2013.",22380,True,2
camquarter,"Posted June 22, 2014.",233720,True,2
CAPTAINVRITRAS,"Posted July 9, 2015.",570,True,1
76561197996092338,"Posted October 16, 2012.",440,True,1
76561198048491595,"Posted December 25, 2013.",105600,True,1
76561198045148546,"Posted July 11, 2015.",306130,False,2
getyourmarsbar,"Posted August 1, 2015.",4920,False,1
76561198069345625,"Posted January 4, 2015.",570,True,1
datts,"Posted April 23, 2014.",730,True,2
1920410,"Posted February 20, 2014.",224540,False,1
76561197990557433,"Posted July 30, 2015.",8930,True,1
76561198172455607,Posted April 25.,346110,True,2
76561198090724989,Posted March 7.,243000,False,1
76561198075233562,Posted July 4.,386070,True,1
Mr_Doge,"Posted May 10, 2014.",4000,True,2
SpecialSomeone,"Posted December 15, 2014.",730,True,1
PlainLukekil,"Posted June 25, 2014.",245170,True,1
76561198106239471,"Posted July 24, 2015.",730,True,1
76561197985634755,"Posted October 31, 2015.",362890,True,2
76561198067938749,"Posted August 8, 2015.",730,True,1
76561198071928116,Posted March 19.,394970,True,2
Wazzaa_man,"Posted March 26, 2013.",212680,True,2
Turntaker,"Posted December 10, 2015.",417860,True,2
76561198003189312,"Posted December 2, 2015.",252950,True,2
76561198062447997,Posted April 17.,730,True,1
76561198074079694,"Posted October 17, 2015.",208090,True,2
76561198080786408,"Posted November 8, 2015.",730,True,2
HunkHogan69,"Posted January 9, 2015.",41300,True,2
76561198078587197,"Posted December 13, 2015.",35450,True,0
keiran1,"Posted April 15, 2015.",252490,True,0
76561198070993687,"Posted November 8, 2015.",408990,True,2
MezKip,"Posted July 11, 2015.",291550,True,2
boazegevski,"Posted April 25, 2014.",220240,True,1
RichmondDaGamer,"Posted February 20, 2015.",236110,True,2
ownageog,"Posted October 14, 2015.",304930,True,2
76561198219902115,Posted January 30.,730,True,2
76561198068552229,"Posted June 25, 2014.",220200,True,2
everybodyloveskungfufighting,Posted June 22.,107410,True,1
demtitsgirl,Posted January 24.,262060,True,1
76561198036070181,"Posted June 23, 2014.",236430,True,2
BAMOSABENSER,Posted March 28.,730,True,1
Opal_mine,"Posted November 1, 2014.",105600,True,2
LordDefault,Posted August 16.,730,True,2
76561198045009232,"Posted October 31, 2014.",570,True,1
76561198080513444,"Posted December 9, 2013.",202970,True,2
macky121,"Posted March 7, 2015.",4000,True,1
76561198070487821,Posted September 10.,252950,True,1
76561198090461345,"Posted October 25, 2014.",218620,True,1
killergrimes,"Posted January 3, 2015.",730,True,0
mrkienose,"Posted May 15, 2014.",570,True,1
NEON_NINJA,"Posted September 21, 2015.",346110,True,0
76561198076271594,"Posted November 15, 2015.",265770,False,1
76561198051899879,"Posted December 9, 2013.",105600,True,1
nomopro,"Posted January 6, 2015.",730,True,2
TheOi9k,"Posted March 12, 2015.",331220,True,2
76561198045604407,"Posted December 31, 2014.",440,True,2
76561198086560332,"Posted March 18, 2013.",440,True,1
notthesemuffins,"Posted September 7, 2014.",304650,True,2
Hot2DGrill,"Posted December 11, 2015.",550,True,0
RadioactiveWarlord,Posted August 25.,381210,True,2
Dyllz,"Posted October 10, 2014.",265550,True,2
Rawrimaviking,"Posted December 22, 2013.",39510,True,2
kmcca138,"Posted December 15, 2013.",8930,True,2
76561198012040171,"Posted August 14, 2014.",34030,True,2
RexonGOn,"Posted June 7, 2013.",33930,True,1
RexonGOn,"Posted October 13, 2013.",241540,True,2
76561198072526121,"Posted May 16, 2014.",22330,True,2
jgrulez,"Posted December 18, 2014.",234772,True,0
76561198061851487,"Posted September 5, 2014.",243870,True,1
lilwoynintehhizzle,"Posted September 20, 2012.",55150,True,2
76561198103169817,"Posted December 8, 2014.",218620,True,1
76561198082063937,Posted August 12.,233450,True,1
76561198064993980,"Posted January 30, 2015.",200210,True,2
metalredlink183,"Posted June 7, 2015.",218620,True,2
skotavus,"Posted December 7, 2013.",239350,False,0
76561198075234879,"Posted September 16, 2014.",99900,True,2
SnowyDao,"Posted July 31, 2015.",346110,True,2
swineflu1122,"Posted April 24, 2014.",244850,True,2
NJFV,"Posted December 25, 2013.",221640,True,1
Squiggley,"Posted January 13, 2014.",220240,True,2
Squiggley,"Posted November 2, 2013.",220,True,2
76561198039700455,"Posted March 20, 2014.",8870,True,2
CounterEverything,"Posted April 8, 2015.",268420,True,2
Stewietron,"Posted April 29, 2014.",250180,True,1
artic_creeper,"Posted December 20, 2014.",303390,True,1
76561198065863302,Posted August 21.,385370,True,2
nosquint,"Posted January 15, 2014.",221100,True,2
76561198070868249,"Posted May 27, 2015.",219640,True,2
Happysumo,"Posted February 14, 2014.",211420,True,1
76561198102490796,"Posted December 10, 2015.",222880,True,1
That_Microwave,Posted July 10.,434570,True,1
the1nchmonster,"Posted December 14, 2014.",219092,True,2
76561198056735088,Posted February 20.,268500,True,2
76561198093077688,"Posted November 4, 2014.",250900,True,1
ToastedFiggin,"Posted September 14, 2014.",261180,True,2
Skydogsgaming,Posted August 29.,227940,True,2
tualmasok,"Posted June 19, 2014.",221100,True,2
unknownanimesensei,Posted January 25.,730,True,2
Vexest,"Posted October 17, 2015.",218620,False,0
zmagma,"Posted April 6, 2015.",440,True,0
76561198038397345,"Posted February 1, 2014.",570,True,0
-Thyme-,"Posted October 11, 2013.",218620,True,2
76561197995042824,"Posted December 8, 2015.",307290,True,1
76561198067366139,"Posted July 21, 2014.",242760,True,2
76561198070559036,"Posted December 23, 2015.",391540,True,1
76561198072355008,"Posted January 26, 2014.",211820,True,2
cocokaru,"Posted February 14, 2014.",250600,True,2
Cake-FTW,"Posted June 24, 2014.",4000,True,2
76561198065032572,Posted August 27.,275850,False,1
piguzhu,"Posted February 4, 2014.",440,True,1
yirosboy,"Posted July 15, 2014.",304930,False,1
Zynth-ian,"Posted January 23, 2014.",440,True,2
C_a_l_u_m,Posted August 3.,730,True,2
76561198065662487,Posted May 27.,230410,True,1
shooterhunter,"Posted February 16, 2015.",550,True,0
76561197996576526,Posted March 6.,730,True,2
a4fg44as54g,"Posted September 27, 2015.",349700,True,1
jason2305,Posted February 2.,254200,False,0
76561198084042712,"Posted April 12, 2015.",218620,True,1
GoodLooser,"Posted July 2, 2014.",238460,True,1
76561198056894326,"Posted April 5, 2015.",440,True,2
76561198218523079,Posted March 30.,370280,True,0
76561198063617154,"Posted March 17, 2014.",570,False,0
76561198025732569,"Posted February 20, 2015.",273350,True,1
acualyisdolan,"Posted June 25, 2013.",113200,True,2
76561198072798256,"Posted December 7, 2015.",248820,True,2
4321louis,"Posted May 11, 2015.",312990,True,2
rustyspoon14,"Posted July 23, 2014.",730,True,2
76561198055552726,"Posted December 27, 2014.",242860,True,2
Abominog6,"Posted December 15, 2014.",7520,False,1
omegaunlocked,Posted August 11.,291550,True,2
omegaunlocked,Posted May 31.,376300,True,2
76561198072207162,"Posted January 23, 2014.",10,True,1
76561197970539254,"Posted September 25, 2013.",440,True,1
Animax117,"Posted December 7, 2013.",211820,True,2
anykylator,"Posted December 23, 2013.",570,True,1
76561198069180924,"Posted September 11, 2014.",47410,True,1
76561198043925310,"Posted September 28, 2014.",440,True,2
76561197988814610,"Posted November 25, 2014.",276810,True,2
viceflin,Posted July 28.,442080,True,1
76561198061650490,"Posted December 28, 2013.",218620,True,1
hanbollo,Posted January 27.,336510,False,1
BagGoneWrongGoneSexual,"Posted May 9, 2015.",730,True,1
BagGoneWrongGoneSexual,"Posted July 13, 2015.",218620,True,2
76561198068976644,"Posted December 22, 2015.",1250,True,2
BerserkDragon,"Posted March 23, 2015.",261570,True,2
76561198013922033,Posted April 17.,730,True,1
76561198083484293,"Posted February 6, 2015.",730,True,1
76561198024889385,"Posted December 21, 2014.",227300,True,1
blupear,"Posted March 1, 2014.",244930,True,2
76561198047613547,"Posted January 12, 2013.",22380,True,1
76561198083799893,"Posted July 28, 2015.",730,True,2
76561198069400418,"Posted December 25, 2013.",242050,True,2
76561198028042361,"Posted November 28, 2013.",570,True,1
Lord_Marius,"Posted December 18, 2014.",236390,True,2
10101010101010109,"Posted December 15, 2014.",244850,True,2
76561198088838638,"Posted June 22, 2014.",207140,True,2
76561198063765495,"Posted June 15, 2015.",4000,True,1
76561198051461196,"Posted March 18, 2014.",240,True,2
76561198064532072,"Posted July 17, 2015.",105600,True,2
Ibukismywaifuforlaifu,Posted April 14.,204360,True,1
sealbloke,"Posted January 15, 2014.",228380,True,2
76561198095457579,"Posted July 15, 2014.",206210,True,2
crualninja,"Posted September 17, 2015.",401190,True,2
CrazyBones,Posted January 13.,410670,True,2
theartificialchicken,"Posted March 26, 2014.",218230,True,2
76561198029595343,"Posted June 23, 2014.",108600,True,1
76561198073775164,"Posted September 4, 2014.",105600,True,1
D3V3D,"Posted August 31, 2012.",440,True,1
DamnPyro,Posted June 29.,440,True,2
Dubzayyy,"Posted November 11, 2014.",332800,True,1
Alpha_m0use,"Posted December 22, 2013.",252490,True,0
76561198072534476,"Posted February 5, 2014.",210770,True,2
itsmeDiegoXD,"Posted February 26, 2014.",570,True,1
yourmumshouselolswag420blaze,"Posted July 23, 2014.",221380,True,2
dazisbored,"Posted July 22, 2013.",8870,True,2
76561198075026598,"Posted January 17, 2014.",730,True,2
DeathHamster_,"Posted December 7, 2015.",440,True,2
flyinghigherthanakite,"Posted January 14, 2014.",219150,True,2
Demalice,"Posted January 18, 2015.",8930,True,2
76561198100915105,Posted August 27.,310380,False,1
76561198094455687,"Posted May 19, 2014.",230410,True,1
MEOWYMEOOWWEWEW,Posted January 2.,312530,True,1
76561198071695653,"Posted August 28, 2015.",440,True,2
76561198053351607,"Posted September 16, 2015.",287700,True,2
Dr_Cannibalism,"Posted October 28, 2015.",218620,False,0
drazsyker,"Posted June 12, 2015.",346110,True,2
76561198014421677,Posted July 5.,7830,False,1
76561198063882554,"Posted December 5, 2014.",200210,True,1
mukeshmani,"Posted August 9, 2014.",570,True,2
76561198048030308,"Posted November 12, 2013.",91310,True,0
76561198094321155,"Posted October 2, 2014.",241260,False,1
CRAWLING-ON-MY-CRAWL,Posted February 7.,105600,True,0
elgerjp,"Posted December 26, 2015.",222880,True,2
76561198045272489,"Posted February 12, 2014.",6060,True,2
epiclyralphy,"Posted July 17, 2015.",346110,True,2
escapetradingprofile,"Posted May 13, 2014.",730,True,0
76561198045345917,Posted June 9.,364110,False,1
DEx-XYZ,"Posted September 14, 2014.",304930,True,2
DEx-XYZ,"Posted December 30, 2013.",550,True,2
ETomb,"Posted May 27, 2015.",238370,True,0
Eviloverlord1987BC,"Posted March 24, 2014.",283880,True,2
Eviloverlord1987BC,"Posted July 21, 2014.",220200,True,1
chrisread672,"Posted January 13, 2015.",289650,True,2
farsight87,"Posted August 24, 2014.",570,True,2
76561198077794867,"Posted November 30, 2013.",440,True,2
fearedwolf64,Posted August 4.,381210,True,1
s2006mark,Posted July 10.,730,True,1
Johnnyfuckingwonny,"Posted May 7, 2015.",301520,True,2
FemBoy1998-AU,Posted July 8.,311210,False,2
76561198059849113,"Posted December 3, 2015.",730,True,2
FEEEEESH,"Posted April 28, 2015.",322170,True,1
76561198053170819,"Posted April 10, 2014.",218470,False,1
fraserj,"Posted February 27, 2015.",335670,True,2
76561198085097560,"Posted November 22, 2014.",730,True,2
DezDarkshard,"Posted September 17, 2014.",242700,True,2
HNSNGIRAFFE,"Posted November 21, 2015.",238210,True,2
deleteme14,"Posted April 3, 2014.",237310,True,1
geoskio,"Posted March 14, 2014.",4000,True,0
geoskio,"Posted March 1, 2013.",440,True,2
76561198079641567,"Posted January 24, 2015.",345650,True,2
76561198085686437,"Posted June 21, 2014.",17480,True,2
WaddleDaisy,"Posted June 24, 2015.",282900,True,2
gravalteration,"Posted November 9, 2013.",550,True,2
76561198120774355,"Posted August 27, 2015.",730,True,2
xxbleachedxx,"Posted November 8, 2015.",311210,True,2
reiak,"Posted May 29, 2015.",224260,True,1
76561198194758422,"Posted December 24, 2015.",220,True,1
957528123,Posted September 2.,248820,True,2
76561197995484188,"Posted July 21, 2014.",4000,True,1
bananaman69,"Posted July 27, 2013.",4000,True,1
hortycone,"Posted February 16, 2014.",204300,True,1
76561197974754753,"Posted November 12, 2015.",410340,True,2
76561198060854630,"Posted March 25, 2014.",221100,True,2
76561198096049645,"Posted April 25, 2015.",4920,True,1
getoffmeimdone,"Posted December 8, 2013.",730,True,2
76561198120726751,"Posted June 21, 2014.",440,True,2
76561198080731084,"Posted September 22, 2015.",216150,True,2
76561198067989394,"Posted April 14, 2015.",265930,True,0
76561198044245052,"Posted November 29, 2014.",250900,True,0
Anti_Sphere,"Posted December 24, 2013.",99900,True,1
76561198008302183,"Posted July 13, 2012.",204880,True,2
venom19031,Posted May 25.,312530,True,1
76561198064634478,Posted August 13.,238460,True,2
theoneandonlyhawaii,"Posted July 23, 2015.",339800,True,1
jaxee,"Posted January 13, 2015.",242760,True,2
iTzJaCe,"Posted December 25, 2015.",363970,False,1
jafoolie,"Posted September 11, 2015.",261570,True,2
76561198077735144,"Posted February 6, 2014.",230410,True,1
JambiGaming,"Posted October 14, 2015.",254700,True,1
japologamingYT,Posted January 4.,730,True,1
76561198046067001,"Posted June 19, 2014.",48700,True,1
76561198046833211,"Posted January 12, 2015.",730,True,1
76561198044736260,"Posted July 4, 2014.",239030,True,1
Juzzyx,"Posted March 15, 2015.",261570,True,2
K3nchi,"Posted December 25, 2013.",238960,True,2
76561198086791425,Posted June 22.,253430,True,2
kyodaimuhnigga,"Posted October 17, 2015.",236390,True,1
76561198118209352,"Posted May 20, 2014.",620,True,1
76561198078242573,"Posted April 5, 2014.",230410,True,2
76561198090575770,Posted June 29.,107410,True,1
KillaPotatoz,"Posted December 9, 2013.",236390,True,2
76561198065491382,"Posted July 14, 2014.",252490,True,2
76561198036510673,Posted May 14.,208580,True,2
kisss256,"Posted August 7, 2015.",252070,True,2
putt13,"Posted February 20, 2015.",319630,True,1
kokoprogamer,"Posted November 11, 2015.",440,True,1
Austisticfuck,"Posted July 7, 2014.",239820,True,1
76561198100835850,"Posted October 1, 2015.",730,True,2
76561198046729008,"Posted January 27, 2015.",260230,True,2
76561198040148259,"Posted February 3, 2014.",228380,True,0
76561198060002045,"Posted August 25, 2014.",440,True,1
Lockhearte,"Posted December 19, 2013.",8870,True,1
76561198073664669,"Posted December 31, 2015.",291550,True,1
geeemu,Posted July 20.,377160,True,1
76561198012657818,"Posted December 15, 2014.",292140,True,2
76561198101492787,"Posted September 4, 2015.",339280,True,1
76561198028081789,Posted February 1.,570,True,2
76561198026549931,Posted June 26.,346110,True,2
76561198046042992,"Posted November 11, 2014.",261640,True,2
MartiniPie,Posted February 27.,303390,True,2
76561198087574900,"Posted July 3, 2014.",440,True,1
76561198058727529,"Posted September 19, 2015.",8190,True,0
davidmai7,Posted March 13.,730,True,1
76561198195842698,"Posted December 10, 2015.",295710,False,1
76561198195842698,Posted March 18.,440,True,1
76561197963459411,"Posted March 21, 2014.",258180,False,2
76561198020281564,"Posted July 13, 2014.",223830,True,1
MeisaKuroki,"Posted January 15, 2014.",246420,True,2
demisin,"Posted January 14, 2015.",269350,False,1
76561198054719518,Posted March 12.,730,True,2
76561198062595804,"Posted March 14, 2014.",221100,True,1
76561198078155892,"Posted August 11, 2015.",730,True,2
migrated,"Posted August 19, 2014.",620,True,1
migrated,"Posted July 4, 2014.",274190,True,2
76561198068809841,Posted February 11.,252950,True,2
Assassin53D,Posted June 20.,285900,True,2
NOTHING_BUT_STAR_WARS,Posted July 5.,401650,False,0
NOTHING_BUT_STAR_WARS,"Posted November 3, 2014.",261640,True,2
MrAH2010,"Posted December 31, 2013.",8930,True,2
fukdahpolice,Posted June 21.,440,False,1
76561198059829512,"Posted December 17, 2013.",620,True,2
76561198060438024,"Posted July 20, 2015.",440,True,2
N47H4NI3L,"Posted June 29, 2014.",227320,True,2
D3ad3n3,"Posted August 15, 2015.",385770,True,2
76561198206561980,"Posted May 8, 2015.",323370,True,2
76561197961051810,"Posted June 17, 2015.",72850,True,1
narrth,"Posted May 24, 2014.",252490,True,1
Tander09,Posted August 7.,369200,False,0
niceone12345,"Posted January 16, 2015.",334230,True,2
76561198070728917,"Posted December 20, 2014.",31290,True,1
alphalegion,"Posted June 22, 2014.",236510,False,0
76561198024744929,"Posted December 2, 2014.",17300,True,2
nydac98,"Posted January 1, 2014.",8930,True,1
linkocarinatime,"Posted January 21, 2014.",252490,True,2
76561198055524995,"Posted April 23, 2014.",209000,True,2
Grozie,"Posted April 26, 2015.",203160,True,2
76561198057988265,"Posted June 21, 2014.",107100,True,2
76561197972797551,"Posted January 26, 2014.",252490,True,2
76561198054200662,"Posted July 13, 2014.",105600,True,2
76561198255656942,Posted June 3.,218620,True,2
ooovegitaooo,"Posted July 29, 2015.",730,True,2
ozi10,Posted July 5.,211420,True,2
mexicanburritobandito,"Posted September 6, 2014.",4000,True,2
76561198042409394,"Posted March 29, 2014.",265930,True,1
76561198056545854,"Posted June 15, 2014.",49520,True,2
76561198093344933,"Posted August 12, 2015.",730,True,1
76561198093078781,"Posted November 29, 2014.",205100,True,2
sawtooth44,Posted February 12.,227160,True,2
sawtooth44,"Posted November 30, 2013.",113420,True,1
14725836900,"Posted November 15, 2014.",440,True,1
76561197968625140,"Posted August 18, 2013.",200510,True,2
Cookiemonster82,"Posted February 25, 2013.",22380,True,2
Rare_Kiwi,"Posted August 26, 2014.",252490,True,2
Jetiah,"Posted January 10, 2014.",221100,True,2
76561198060461230,"Posted June 30, 2014.",222900,False,0
adamsucksdick,Posted August 19.,730,False,1
costa223,Posted May 9.,252490,True,2
only2dgirls,Posted March 10.,373770,True,2
76561198050731371,"Posted June 20, 2014.",268750,True,0
76561198050626210,"Posted August 1, 2015.",264710,True,2
76561198050626210,"Posted October 23, 2013.",105600,True,2
76561198071421016,"Posted July 3, 2015.",730,True,2
76561198070572729,"Posted December 26, 2015.",306130,False,1
saltYplayZ,Posted July 13.,730,True,2
Armedxxp,"Posted May 15, 2015.",326410,True,2
76561198081059406,"Posted August 22, 2015.",352460,True,1
ScorchingShadow,"Posted March 7, 2015.",730,True,2
Shiftyyyyyyyyy,"Posted December 10, 2013.",570,True,2
7656119808378646,Posted February 2.,311210,True,2
76561198044666616,"Posted December 29, 2015.",72850,True,1
akamexxswag,"Posted June 28, 2015.",105600,True,2
76561198067439927,"Posted January 11, 2014.",204100,True,2
skuatz,"Posted October 5, 2015.",48700,True,2
76561198071907118,"Posted February 17, 2014.",4000,True,1
laygittlefiggernaggot,"Posted April 16, 2014.",4000,True,2
ImaTigerRaa,"Posted December 1, 2012.",105600,True,2
wes132,Posted April 20.,730,True,2
76561198045389453,"Posted March 1, 2014.",214770,False,1
76561198001078133,"Posted May 29, 2015.",374570,True,1
spaz11boom,"Posted July 18, 2014.",200210,False,2
spazrael_,"Posted June 21, 2014.",1250,True,2
76561198057573332,"Posted December 3, 2014.",570,True,2
steve_the_pie,"Posted November 7, 2014.",211820,True,1
subordermanagement,"Posted December 11, 2015.",391540,True,1
76561198092999858,"Posted March 19, 2014.",440,True,1
SyBR,"Posted July 28, 2014.",570,True,2
tabpol95,"Posted December 25, 2014.",313730,False,0
TACOTACOTACOCAT,"Posted January 14, 2014.",440,True,2
76561198081260159,"Posted September 4, 2015.",298110,True,2
76561198083888554,"Posted November 30, 2015.",330830,True,2
optamusjebus,"Posted December 26, 2013.",220440,True,2
TERM-827,"Posted January 4, 2013.",440,True,1
76561198069492897,"Posted June 29, 2014.",251170,True,2
76561198098249951,"Posted January 29, 2014.",550,True,2
My_Special_Place,"Posted September 6, 2015.",22380,True,2
76561198069969015,"Posted December 5, 2012.",440,True,1
MadamUSB,"Posted December 12, 2015.",218620,False,1
MadamUSB,"Posted June 19, 2014.",440,True,2
Pootisman64,Posted April 25.,440,True,2
76561198066722009,"Posted August 3, 2014.",113200,True,2
ryhtb4k3iwtgpiw3hq4,"Posted June 3, 2013.",440,True,2
tanryanrachmat,"Posted March 26, 2015.",730,True,1
Mutivate,"Posted April 17, 2015.",620,True,1
76561198042649425,"Posted December 3, 2013.",48000,True,1
76561198028408815,"Posted October 29, 2014.",274310,True,2
supernashwanpower,"Posted December 18, 2010.",440,False,2
TonytheTurkey,"Posted October 10, 2014.",8190,True,1
idid911lmao,"Posted November 11, 2015.",304930,True,1
76561198027755721,"Posted November 28, 2013.",226960,True,2
arcanesage,"Posted January 23, 2014.",212160,True,2
mudcakez,"Posted June 25, 2014.",222880,True,1
76561198094718859,"Posted February 16, 2014.",440,True,1
76561198094718859,"Posted December 30, 2014.",233250,False,1
76561197971327741,Posted January 29.,310380,True,2
76561198078205345,"Posted December 29, 2015.",232090,True,2
WarpedTech,"Posted March 18, 2015.",344760,True,1
WillZENex,"Posted February 28, 2015.",730,True,2
76561198070207487,"Posted June 19, 2014.",226700,True,1
WomBatman230,"Posted November 29, 2013.",206420,True,1
TWENNYJUANPIKLETS,"Posted December 8, 2013.",99900,True,1
76561198077085269,Posted July 10.,570,True,1
76561198051367425,Posted May 23.,730,True,1
z3man12,Posted June 24.,304930,True,2
ZareeFish,Posted May 11.,440,True,2
zenzu,"Posted April 30, 2014.",113200,True,2
zunbae,"Posted June 25, 2014.",730,True,1
76561198058479647,"Posted July 28, 2014.",224540,True,1
76561198029237649,"Posted June 21, 2014.",212680,True,2
76561198084723982,"Posted March 21, 2014.",4000,True,2
Radsick,"Posted July 4, 2015.",332500,False,1
76561198140621477,"Posted June 26, 2014.",8870,True,2
76561198093796919,Posted January 25.,288470,True,2
ArmoredSheild,Posted January 25.,730,False,1
76561198073201686,Posted April 17.,335240,False,1
76561198014215298,"Posted August 3, 2014.",2870,False,1
iamnewbplayer,"Posted March 30, 2015.",730,False,1
Wolf2311,Posted August 21.,730,True,1
76561198070415543,"Posted September 12, 2014.",113200,True,2
76561198042397874,"Posted February 11, 2014.",570,True,1
fruity8,"Posted September 11, 2015.",227940,True,2
76561198072397755,Posted June 3.,221910,True,2
SakurasouNo,"Posted February 24, 2015.",4000,True,1
76561198076120449,Posted July 7.,51100,True,2
PonPonPony,"Posted April 24, 2015.",236390,True,1
Nightmare28,"Posted January 2, 2014.",240,True,2
76561198082597238,"Posted February 5, 2014.",570,True,2
76561198058868190,"Posted November 2, 2012.",440,True,1
76561198067286387,"Posted December 23, 2012.",200210,True,2
76561198092422168,"Posted January 6, 2014.",233720,True,2
76561198074200838,"Posted January 7, 2015.",282201,False,1
76561198059530687,"Posted December 17, 2013.",8190,True,1
Mokalatteventi123,"Posted June 9, 2014.",440,True,2
76561198072889555,"Posted December 30, 2013.",207610,True,1
EliteJohnnyElite,"Posted May 1, 2014.",630,True,1
76561198073933737,"Posted October 5, 2014.",440,True,2
2271531450,Posted January 24.,730,True,1
NerfPenguin,"Posted December 23, 2013.",70000,True,2
76561198065084165,Posted September 15.,730,True,1
76561198049499873,"Posted December 23, 2014.",17410,True,0
76561198068471474,"Posted June 25, 2015.",440,True,2
izanamiau,"Posted January 25, 2014.",240,True,2
DEANOXHILL,"Posted November 17, 2015.",730,True,1
xoxoQoxox,"Posted April 27, 2014.",730,True,2
76561198056803276,"Posted March 28, 2014.",221100,True,2
ayylmaokai420,"Posted June 15, 2015.",219640,True,1
suchcustom,"Posted November 26, 2013.",224260,True,2
commonfood,"Posted February 27, 2014.",221100,True,1
commonfood,"Posted December 3, 2013.",247910,True,1
reptarizm,Posted April 16.,431500,True,2
Pankyu,"Posted June 24, 2014.",440,True,2
fortheloveofpotatoes,"Posted November 23, 2014.",7670,True,2
76561198155115319,"Posted October 10, 2014.",15100,True,2
beckals,"Posted June 3, 2014.",297810,False,1
76561198034081735,"Posted April 18, 2015.",285900,False,1
NoosphereAndTheZone,"Posted April 23, 2015.",440,True,1
3lAckCAt,Posted May 19.,42910,True,2
76561198084167938,Posted June 12.,306460,True,1
76561198071543022,"Posted June 28, 2015.",22370,True,2
76561198082129629,"Posted December 3, 2013.",440,True,1
czshomer,Posted May 19.,473850,True,1
76561197980617560,"Posted March 15, 2014.",4000,True,2
76561197989691928,"Posted March 18, 2014.",240,True,2
76561198089930824,"Posted October 19, 2015.",570,True,2
aman98,"Posted July 3, 2015.",10,True,2
TooLateGamer,"Posted June 7, 2015.",245170,True,2
zBoot,"Posted December 11, 2013.",570,True,1
Razimo,"Posted August 30, 2014.",238960,True,1
76561198085294887,Posted May 1.,730,True,1
MK011,"Posted October 31, 2015.",383080,True,1
incubussteam,"Posted October 21, 2015.",218620,False,1
incubussteam,"Posted March 16, 2014.",22380,True,1
1850172512752815,Posted March 5.,4000,True,1
76561198051758183,"Posted January 21, 2014.",105600,True,1
76561198057772341,"Posted June 20, 2012.",440,True,2
76561197968496988,"Posted May 9, 2014.",8870,True,2
76561198061249863,"Posted June 22, 2014.",234670,True,2
Papillon26,"Posted September 16, 2015.",730,False,0
76561198050728013,"Posted May 23, 2014.",550,True,1
76561198040128476,Posted January 19.,391540,True,2
akj93,"Posted March 19, 2014.",208090,True,2
76561198047321098,"Posted December 27, 2014.",251570,True,2
76561198065929319,"Posted September 18, 2014.",730,True,1
76561198080478744,"Posted December 13, 2013.",440,True,2
0432-026-no,"Posted June 29, 2014.",620,True,1
WudUTacoBell,"Posted June 27, 2014.",218620,True,2
WudUTacoBell,"Posted December 1, 2013.",206420,True,2
76561198076300855,"Posted May 30, 2014.",440,True,2
76561198063906222,"Posted November 26, 2014.",218330,True,1
76561198088605004,Posted March 23.,295110,True,2
VladimirShooting,"Posted April 3, 2014.",440,True,1
76561198085677474,"Posted January 6, 2015.",250400,False,2
76561198089823257,"Posted December 9, 2014.",440,True,2
76561198045174513,"Posted June 30, 2014.",225080,True,2
76561198070614734,"Posted November 26, 2013.",218620,True,2
arkray,"Posted June 5, 2014.",570,True,1
viceflin,Posted July 28.,442080,True,1
76561198080804547,"Posted November 28, 2015.",17080,True,2
76561198080804547,"Posted December 15, 2015.",244850,True,1
Winkster,"Posted January 20, 2014.",221100,True,1
Axendor,Posted August 12.,252490,False,0
BeKin,"Posted March 23, 2014.",440,True,2
spurdosparda,"Posted February 27, 2014.",570,True,2
76561198078072180,"Posted December 22, 2013.",8190,True,2
76561198079348289,"Posted May 26, 2014.",200510,True,2
Extortia,"Posted March 9, 2014.",233250,True,2
Extortia,"Posted January 21, 2014.",238430,False,1
poop_chute,"Posted June 26, 2014.",49520,True,2
WiseChocolate,"Posted October 9, 2014.",273110,True,0
76561198004280826,"Posted October 31, 2014.",313160,True,2
76561198078500090,"Posted April 22, 2015.",232090,True,2
idfkanymore,"Posted June 27, 2014.",209080,True,2
Cryptonial,"Posted January 19, 2014.",246700,True,2
bibizerabalatensa,Posted January 19.,730,True,1
76561197965916509,"Posted March 11, 2015.",251570,True,2
76561198050110674,Posted June 23.,107410,True,1
76561197999054744,"Posted August 16, 2014.",304930,True,2
blackyyangzz,"Posted January 8, 2014.",255480,False,2
brad8711,"Posted September 12, 2014.",218620,True,2
fishfishfishfish,"Posted August 9, 2013.",440,True,2
76561198072841073,"Posted October 2, 2013.",113200,True,2
76561198142004550,Posted April 8.,730,True,1
kennyguy325,Posted June 6.,730,True,1
76561198084794434,Posted February 17.,15230,False,1
76561198073787527,Posted August 18.,4000,True,2
76561198073787527,"Posted September 28, 2015.",223710,True,1
DopeOxide,"Posted August 29, 2015.",388520,False,0
76561198039741219,"Posted March 22, 2014.",214950,False,1
elijahwells,"Posted May 26, 2015.",730,True,2
76561198074249881,"Posted February 7, 2015.",211820,True,2
76561198045367986,"Posted February 27, 2014.",223710,True,2
brucedickso,"Posted December 24, 2014.",49520,True,1
FreemanSt,"Posted September 21, 2014.",72850,True,1
BurningHope,"Posted July 19, 2014.",220200,True,0
76561198045507259,Posted September 17.,430440,True,2
CachinnationCow,"Posted June 1, 2015.",730,True,1
Calcipher44,"Posted October 2, 2014.",218620,True,2
76561198074173621,"Posted July 13, 2013.",220240,True,2
76561198063804314,"Posted December 8, 2014.",48700,True,1
76561198073297020,"Posted April 6, 2015.",219150,True,2
carebearsgalore,"Posted February 6, 2015.",550,True,2
Chunzenayo,"Posted December 2, 2013.",570,True,2
chris98981,Posted May 16.,303210,True,2
76561198009171141,"Posted August 3, 2014.",306130,True,0
76561198094654275,"Posted July 25, 2015.",440,True,2
Chocchipfudge,"Posted December 26, 2013.",221100,True,2
xxironlakxx,"Posted January 11, 2014.",252490,True,2
Christpastor,"Posted January 15, 2014.",209000,True,2
chuecola,Posted February 16.,346900,True,2
claulau,"Posted June 28, 2014.",218620,True,1
Jackaas21,"Posted March 26, 2014.",220240,True,1
76561198090206489,"Posted December 15, 2015.",271590,True,2
Kev1234567,"Posted January 14, 2014.",570,True,0
76561198045436944,"Posted November 10, 2015.",250900,True,2
mydion,"Posted April 8, 2015.",440,True,1
ashnike,"Posted January 5, 2014.",730,True,2
76561198080454250,"Posted February 10, 2014.",208090,True,1
wooownoluck,"Posted January 25, 2014.",730,True,2
76561198069644041,"Posted December 3, 2013.",218230,True,0
76561198050936392,"Posted February 14, 2014.",8930,True,2
76561198087264465,"Posted March 28, 2014.",208090,True,1
76561198043797361,"Posted May 24, 2015.",440,True,1
76561198086085936,"Posted March 14, 2014.",223670,False,0
76561198129275085,Posted March 9.,252490,False,1
YANZHUO,"Posted September 19, 2014.",251570,True,2
76561198082590747,Posted March 7.,326460,True,2
76561198070917100,"Posted April 13, 2014.",213670,True,2
76561198107673486,"Posted December 26, 2013.",17080,True,1
whofckcares,"Posted October 25, 2015.",242760,True,2
76561198061818198,"Posted June 11, 2015.",730,True,2
76561198040576023,"Posted December 28, 2013.",440,True,2
76561197976455887,Posted February 16.,310950,False,2
76561198075455531,Posted July 26.,211820,False,0
Darkos___,"Posted June 22, 2014.",107410,True,1
ilovehamstersandbunnies,"Posted January 18, 2014.",340,True,2
memesyouneedemigotem,"Posted May 1, 2015.",218230,False,2
76561198079603178,Posted July 6.,252490,True,2
Jayden028,"Posted November 13, 2015.",440,True,2
firenze17,"Posted June 19, 2014.",50650,True,2
demesta,Posted July 9.,311240,True,2
examiner,Posted April 1.,365590,True,2
76561198052117413,"Posted February 20, 2015.",48700,True,1
76561198074727993,"Posted April 19, 2013.",440,True,2
76561198099034624,"Posted April 28, 2015.",236850,True,1
dinom8,"Posted May 28, 2013.",440,True,1
dmgmnt,Posted July 29.,440,False,1
Dnemisis,"Posted December 9, 2013.",12750,True,2
76561198085428446,Posted April 20.,346110,True,2
76561197970580235,"Posted April 10, 2015.",327670,True,1
76561198079889046,Posted August 5.,730,True,1
76561198009401635,"Posted December 6, 2015.",251570,False,1
Doperman,"Posted December 15, 2014.",570,True,2
76561198072108255,"Posted September 17, 2014.",570,True,2
zachx888,"Posted March 2, 2013.",209830,True,2
76561198102246392,"Posted February 10, 2014.",440,True,1
karatekitte,"Posted July 17, 2013.",8190,True,2
Jellytheunitato,"Posted December 26, 2013.",224260,True,2
76561198044012135,"Posted July 18, 2014.",440,True,1
DudeJazza,"Posted June 23, 2014.",70,True,1
thefailwhale,"Posted February 7, 2014.",218740,True,2
76561198088844664,"Posted February 7, 2014.",4000,True,2
76561198088844664,"Posted April 12, 2015.",8870,True,2
zjgrice,"Posted April 8, 2014.",221100,True,2
crazygamerxd,"Posted December 6, 2014.",730,True,1
eamonflame,"Posted November 12, 2015.",311210,True,2
76561198054114081,"Posted March 8, 2014.",440,True,2
ZFEli,Posted July 19.,436320,True,1
PassiveAggressivePancake,"Posted November 26, 2014.",22650,False,0
76561198094051303,"Posted December 20, 2014.",440,False,1
76561198094051303,"Posted June 17, 2015.",374570,True,2
76561198103976113,"Posted October 9, 2015.",20500,True,1
gamesgamer,"Posted July 1, 2014.",4000,True,1
Faibl,"Posted April 15, 2015.",335300,False,0
exton,"Posted February 14, 2015.",346010,True,0
76561198031908530,"Posted June 27, 2015.",222900,True,2
76561198053605335,Posted July 22.,316010,True,2
76561198070616259,"Posted October 8, 2015.",570,True,2
76561198101467306,"Posted June 23, 2014.",252490,True,2
fistor69,Posted January 5.,273110,True,1
Flermpick,"Posted February 13, 2012.",33930,True,1
FlukerKing_TH,"Posted February 13, 2014.",550,True,2
76561198089611596,"Posted June 19, 2015.",227940,False,2
76561198107979766,"Posted April 12, 2015.",730,True,1
Fudgemuncher,"Posted April 8, 2014.",4000,True,2
gtrace,"Posted December 25, 2013.",221640,True,1
gtrace,"Posted December 30, 2013.",228300,True,1
76561198057068455,"Posted April 15, 2014.",209160,False,1
76561198057068455,Posted August 20.,295438,True,2
76561198085062072,Posted April 6.,4000,False,1
Gabbies_S,"Posted November 28, 2015.",391540,True,2
gakonami-uram,"Posted May 2, 2015.",292630,False,1
Abdull36,"Posted October 8, 2013.",440,True,1
76561198099183003,"Posted September 12, 2015.",252490,True,2
76561198066298183,"Posted March 23, 2015.",440,True,2
76561198061535381,"Posted February 22, 2014.",440,True,2
heyhenry,"Posted August 20, 2014.",730,True,2
philgibs,"Posted July 19, 2014.",252490,True,1
76561198062810583,"Posted December 4, 2013.",41500,True,2
76561198064442033,"Posted October 30, 2015.",401920,True,1
76561198048358239,"Posted December 9, 2013.",2870,False,1
goldghost,"Posted October 15, 2015.",218620,False,2
gongza8888,"Posted June 9, 2014.",730,True,1
76561198062936111,"Posted January 8, 2014.",440,True,2
76561198061847175,"Posted January 13, 2015.",298110,True,1
76561198084300729,"Posted December 10, 2015.",730,False,1
iareafaggot,"Posted December 24, 2014.",4920,True,2
76561198089811970,"Posted January 20, 2015.",38700,True,2
76561198087845573,"Posted August 30, 2014.",304930,True,2
76561198071168480,"Posted November 12, 2015.",346110,True,2
Gribil,"Posted June 20, 2014.",8930,True,1
76561198017154363,"Posted October 18, 2015.",334070,True,1
76561198072880562,"Posted July 8, 2014.",113400,True,1
76561197993494697,"Posted April 21, 2015.",45760,True,2
76561198131512468,"Posted July 31, 2015.",252490,False,1
HailStorm72,"Posted November 4, 2015.",402840,True,2
76561198050174957,"Posted June 24, 2015.",211420,True,1
munchies12,"Posted February 17, 2014.",251990,True,2
76561198007070577,Posted July 18.,219640,True,1
76561198070635741,Posted February 1.,20900,True,2
76561198134680751,"Posted May 11, 2015.",730,True,2
76561198073811740,"Posted November 8, 2014.",65980,True,1
harrald,"Posted August 23, 2014.",440,True,2
76561198091590393,"Posted November 14, 2014.",107410,True,2
76561198153975662,"Posted March 28, 2015.",301520,True,2
ccmmpp,"Posted November 3, 2014.",270550,True,2
HeardTangent,"Posted June 27, 2015.",105600,True,2
76561198068274264,Posted February 20.,290080,False,1
76561197994404273,"Posted November 1, 2015.",222880,True,2
thisurlisaspah,"Posted December 28, 2013.",221100,True,1
76561198151519460,"Posted December 14, 2014.",730,True,2
76561198058364847,"Posted July 25, 2014.",440,True,2
76561198073339163,"Posted July 17, 2015.",252490,True,2
irongladiator,"Posted March 4, 2014.",440,True,2
fullysik75,"Posted September 26, 2014.",570,True,1
76561198087594857,"Posted November 25, 2013.",51100,True,2
76561198098673552,Posted July 6.,252490,True,2
76561198142270955,Posted June 27.,35140,True,2
76561198067438198,Posted January 15.,230410,True,2
Spik_eey,"Posted December 22, 2013.",21100,True,1
76561198077655117,Posted February 5.,290340,True,2
76561198069620444,"Posted September 10, 2015.",440,True,2
76561198043474528,"Posted December 24, 2015.",8930,True,0
76561198078496387,"Posted June 21, 2014.",224540,True,2
76561198073147242,"Posted July 1, 2015.",261570,True,2
ItsPao741,"Posted December 21, 2013.",218230,True,2
MSPAINTISCOOL,"Posted March 17, 2015.",317470,False,2
jackhaslegs,Posted May 3.,440,True,2
76561198083658380,"Posted November 27, 2013.",218230,True,1
76561198165671770,"Posted May 20, 2015.",263060,True,1
jbearjr,Posted January 15.,290530,True,2
76561197986617937,"Posted July 26, 2014.",230230,True,2
ratbot01,"Posted January 19, 2015.",200210,False,1
jptrickz23,"Posted April 24, 2014.",219600,True,1
jules47,"Posted January 8, 2015.",730,True,2
76561198096326508,"Posted May 10, 2014.",214420,False,2
Beiber,Posted January 14.,1840,True,1
76561198060615273,"Posted December 12, 2015.",211820,True,2
76561198023647463,"Posted February 27, 2014.",252490,True,1
76561197966079422,"Posted January 12, 2015.",235460,False,0
itscazadude,"Posted June 20, 2013.",440,True,1
76561198052399653,Posted September 9.,452780,True,2
srmenvas,"Posted December 20, 2013.",570,True,2
76561198060798536,"Posted June 26, 2014.",45000,True,1
76561198082697585,Posted April 16.,259700,False,1
76561198082697585,"Posted July 24, 2014.",261030,True,1
76561198083854677,Posted March 4.,264710,True,2
76561198038191817,"Posted June 2, 2014.",242760,True,2
killinginter,Posted June 4.,291480,False,0
76561198097130336,"Posted June 9, 2014.",249130,True,1
DiegoP_H1Z1,"Posted June 6, 2015.",730,True,1
Kashimeera,"Posted July 12, 2015.",233250,True,1
KingKeenz,Posted January 11.,730,True,2
KoopaRed,"Posted December 27, 2013.",550,True,1
76561198068180282,"Posted November 25, 2013.",10180,True,2
Rabid_Ghost,"Posted February 21, 2015.",218620,False,1
Jcooler0076,"Posted January 14, 2014.",232790,True,2
kronix129,"Posted November 22, 2015.",417860,True,1
kummaz,"Posted October 24, 2015.",267940,False,1
kummaz,Posted February 10.,383870,True,2
76561198068715208,"Posted January 13, 2015.",8930,True,1
76561198033167818,Posted April 24.,252490,True,2
BlazeXERs,"Posted June 29, 2014.",730,True,2
Flamemes,"Posted December 6, 2014.",730,True,1
Flamemes,"Posted January 3, 2015.",50130,True,1
4n631,"Posted September 15, 2015.",211420,True,1
76561198018408561,"Posted December 22, 2013.",33420,False,0
likascreb,"Posted March 29, 2015.",265630,True,1
76561198050693364,"Posted April 7, 2014.",730,True,1
lil_bradsta,"Posted December 22, 2013.",4000,True,1
samzero,"Posted November 20, 2015.",417860,True,2
76561198091688762,"Posted July 19, 2014.",304930,True,0
76561198071329574,"Posted November 3, 2015.",218230,True,1
76561198071329574,"Posted March 30, 2015.",570,True,2
FR3D99,Posted July 25.,323370,True,2
lucasfinamorbr,"Posted September 18, 2014.",24200,True,1
FokkoChan2,Posted January 14.,4000,True,1
maddogreilly999,"Posted October 12, 2012.",204360,True,2
maddogreilly999,"Posted April 14, 2012.",65800,True,2
mal1ci0us,Posted May 14.,730,True,2
sionisindustries,"Posted February 2, 2014.",440,True,2
76561198122123166,"Posted June 1, 2015.",212070,True,1
76561198182154914,"Posted December 31, 2015.",8930,True,1
martythepanda,"Posted July 10, 2015.",371180,True,2
matocake,"Posted June 5, 2015.",730,True,2
liv0004,"Posted December 28, 2013.",219150,True,2
h00py,"Posted September 30, 2014.",70,True,2
76561198090495592,"Posted September 23, 2014.",440,True,2
76561198175247209,Posted January 6.,730,True,1
Peru4life,"Posted August 18, 2013.",570,True,1
76561198035148971,"Posted December 15, 2013.",4000,True,1
76561197966647905,"Posted July 8, 2014.",209160,False,1
Mohawkpelican,Posted June 8.,301520,True,2
76561198061738634,Posted April 22.,22380,True,1
76561198056590465,"Posted December 31, 2014.",250900,True,2
mouthtoass,"Posted August 10, 2015.",730,True,1
Tombuscus,"Posted December 7, 2014.",233270,True,2
PenguinsOP,"Posted November 30, 2015.",250900,True,2
AlejoSchlogl,"Posted June 10, 2014.",208090,False,1
76561198069479694,"Posted March 10, 2014.",730,True,1
MrSlothe,"Posted December 23, 2013.",107410,True,2
76561198092172350,"Posted May 29, 2015.",261030,True,2
AndogZAR,"Posted December 22, 2014.",335330,True,2
11124,"Posted October 16, 2015.",218620,False,2
76561197990505840,"Posted April 21, 2015.",730,True,1
mustangjoel,"Posted January 10, 2014.",440,True,1
senhp,Posted February 25.,730,True,1
NathanJGaming,"Posted December 21, 2013.",248820,True,2
nazr1,"Posted December 24, 2014.",730,True,1
necron7894,"Posted January 25, 2014.",239220,True,2
Nero203,"Posted November 1, 2015.",20540,True,1
Chazar_90,"Posted October 12, 2014.",327740,True,2
76561198068968487,"Posted January 24, 2014.",4000,True,2
76561198122531361,"Posted February 23, 2015.",313340,True,2
76561198058147483,"Posted January 19, 2014.",261820,True,1
Yawky,Posted August 13.,275850,False,1
17291799,"Posted October 5, 2012.",440,True,2
76561198035991809,Posted April 4.,295110,False,2
oilfire30,Posted June 12.,34910,True,2
barkgamers,Posted January 30.,291550,True,2
76561198088081025,"Posted November 6, 2015.",440,True,2
Oprah_FTWfrey,"Posted July 14, 2014.",48700,True,2
Tictactic,"Posted December 21, 2015.",70400,True,2
76561198043798473,"Posted June 14, 2015.",208750,True,2
76561198031891410,Posted June 15.,281990,True,2
Harkugan,"Posted April 8, 2015.",294570,True,2
Pao_Of_War,"Posted July 18, 2015.",72850,True,1
76561198078699107,Posted July 1.,730,True,1
76561198056876765,"Posted November 19, 2014.",218620,True,2
LOWdisked,Posted March 7.,271590,True,2
76561198063444314,"Posted November 23, 2014.",440,True,1
76561198047147962,"Posted August 10, 2014.",304930,True,2
76561198022460178,"Posted July 2, 2014.",8930,True,2
geassguy,"Posted June 1, 2014.",242760,True,2
pearcinator,"Posted June 25, 2014.",231160,True,2
pedrosomar,"Posted December 11, 2013.",224260,True,2
penguinereno,"Posted July 4, 2015.",266010,True,2
76561198059138340,"Posted December 18, 2013.",109400,False,1
76561198073455321,"Posted December 20, 2013.",8190,True,1
76561198096782512,"Posted January 31, 2014.",570,True,1
76561198022053608,"Posted December 11, 2013.",730,True,1
moondos,Posted June 23.,252950,True,1
piiggy,"Posted December 20, 2013.",440,True,2
76561198066919836,Posted March 26.,236370,True,2
ThisMexicunt,"Posted May 6, 2015.",730,True,2
pitmania,"Posted November 28, 2013.",4000,True,1
Mysticmoo,"Posted December 2, 2013.",230410,False,1
76561198131090970,Posted March 3.,346110,True,1
aganic,"Posted June 8, 2014.",4920,True,1
bonamb,"Posted January 16, 2015.",8930,True,2
76561198051433352,Posted May 21.,218620,False,2
76561198051433352,Posted June 29.,391220,True,2
76561198051433352,Posted May 21.,287390,True,2
PriorityPacks,Posted September 3.,270880,True,2
PriorityPacks,Posted September 2.,424280,True,2
76561198140523000,Posted January 27.,730,True,1
76561198041963382,"Posted June 21, 2015.",264710,True,2
Toyopet,"Posted April 8, 2014.",221100,False,1
ACE-Name,"Posted December 26, 2013.",224540,True,0
76561198067170568,"Posted April 27, 2015.",322110,True,2
76561198055317606,"Posted February 10, 2015.",440,True,2
76561198093448979,"Posted January 23, 2014.",233720,False,1
76561198087493270,"Posted November 27, 2015.",417860,True,2
76561198035531441,"Posted December 29, 2014.",235800,True,2
realreepz,"Posted December 19, 2013.",440,True,0
orcypants,"Posted January 22, 2014.",440,True,2
redial123,"Posted June 17, 2015.",359320,False,1
tastecommander,"Posted December 30, 2013.",211420,True,0
Thre3,"Posted January 2, 2014.",238320,True,1
riokaze,"Posted May 8, 2015.",301520,True,1
76561198077528839,"Posted June 20, 2015.",34900,True,2
76561198077528839,"Posted June 30, 2015.",356670,True,1
76561198058129737,"Posted February 25, 2014.",211820,True,2
roflmaosPancakes,"Posted October 17, 2015.",218620,True,2
76561198017609172,Posted February 20.,420110,True,2
76561198085896622,Posted June 3.,252490,True,2
76561198049772592,"Posted December 20, 2013.",730,True,1
nodday,"Posted June 19, 2015.",8930,True,2
harvenator02,"Posted April 9, 2015.",322920,True,2
76561198080848365,"Posted February 25, 2015.",253980,True,1
Atl4s_DCE,Posted January 6.,730,True,1
76561198015158481,"Posted December 30, 2014.",440,True,2
SexyPotata,"Posted October 15, 2015.",218620,True,2
76561198087717668,Posted July 24.,570,True,2
SalihK2001,"Posted November 20, 2015.",570,True,2
76561198086647266,"Posted July 9, 2014.",440,True,1
76561198041874601,"Posted February 1, 2014.",208090,True,2
lunakitty,"Posted September 20, 2014.",265550,True,2
nickbutt55,Posted July 9.,359550,True,2
underbelly90,"Posted February 2, 2013.",207610,True,2
JooXieDOTO,"Posted October 22, 2012.",570,True,2
76561198063184169,"Posted August 23, 2015.",8190,True,0
NicholasTKalos,"Posted April 25, 2014.",4000,True,2
NicholasTKalos,"Posted March 12, 2012.",34330,True,2
shiisa,Posted January 19.,433340,True,2
76561198069708131,"Posted July 16, 2014.",440,True,1
76561198069708131,"Posted December 9, 2013.",4000,True,2
ShizFizz,"Posted May 29, 2015.",323370,False,0
KingNosehair,"Posted June 23, 2014.",209080,True,2
Shooter_man83,"Posted June 22, 2014.",4000,True,2
ShotGunFaceLift1,"Posted January 28, 2014.",218620,True,2
jamesbonx,"Posted July 7, 2015.",34330,True,1
76561198174967337,"Posted March 24, 2015.",72850,True,2
BatatasSamGostozas,"Posted September 10, 2015.",440,True,1
76561198071041736,"Posted March 8, 2014.",212680,True,2
76561198087279731,Posted May 6.,206210,True,1
2364786499,"Posted April 14, 2015.",730,True,2
76561198085879027,"Posted January 18, 2014.",221100,True,2
76561198042472949,"Posted May 28, 2015.",8190,False,2
76561198050300819,"Posted December 2, 2015.",306130,False,0
Smoobss,"Posted January 29, 2013.",40800,True,2
R-O-L-A-N-D,"Posted December 30, 2013.",440,True,2
b0ing,"Posted June 18, 2015.",221100,False,1
b0ing,"Posted January 24, 2015.",313120,True,2
b0ing,"Posted December 18, 2013.",261030,True,2
TheOnlySnake,"Posted January 2, 2014.",248820,True,2
SnipeDemon,"Posted December 6, 2015.",319630,True,2
76561198068354201,Posted March 22.,730,True,1
76561198068354201,Posted February 17.,440,True,2
Brewl,"Posted June 21, 2014.",730,True,2
SoPhantastic,"Posted June 12, 2014.",34330,True,1
SoPhantastic,"Posted September 3, 2014.",48700,True,1
76561198062853201,"Posted May 20, 2015.",252490,False,2
76561198077507817,Posted June 13.,8870,True,0
76561198069827794,Posted April 8.,224260,True,2
Spoodzz,"Posted April 26, 2014.",440,True,2
springah,"Posted May 2, 2015.",322110,True,2
NinjaG32,"Posted November 21, 2015.",417860,False,1
76561198068667696,"Posted July 10, 2015.",440,True,2
MrMeDisaster,"Posted March 7, 2014.",49520,True,2
ThesandwichMan,Posted February 12.,341000,True,1
76561198045872243,"Posted August 27, 2015.",244850,True,1
HolaDavesta,"Posted November 8, 2015.",730,True,1
DeEggMeister,"Posted November 20, 2015.",403700,True,1
76561197970814132,"Posted July 7, 2015.",208650,True,2
TeeJayPow,"Posted June 26, 2014.",239350,True,2
76561198064729265,"Posted November 23, 2014.",261640,True,2
76561198050680379,"Posted December 15, 2015.",377160,True,1
76561198063645161,"Posted September 30, 2012.",209270,True,2
76561198088003895,"Posted December 4, 2013.",51100,True,1
76561197992152968,"Posted December 13, 2013.",219640,True,2
76561198002212023,"Posted March 13, 2015.",342570,False,2
76561198092659141,Posted July 7.,730,True,1
76561198067679631,"Posted October 15, 2012.",440,True,1
76561198087829868,"Posted July 25, 2014.",246620,True,1
76561198080713595,"Posted June 26, 2015.",105600,True,2
tacyclo,"Posted September 24, 2014.",570,True,2
76561198052407987,"Posted October 27, 2015.",48700,True,2
76561198069809036,"Posted December 3, 2015.",206420,True,2
76561198123532727,"Posted October 13, 2014.",244850,True,1
76561198141682446,"Posted July 17, 2014.",205100,True,2
golfworapong,"Posted January 7, 2014.",105600,True,1
DominosZimbabwe,"Posted October 18, 2014.",49520,True,1
76561198075307850,"Posted June 25, 2015.",218620,False,2
10000000thVisitor,"Posted January 11, 2015.",220260,True,1
76561198078752334,"Posted April 10, 2015.",570,True,0
76561198042750240,"Posted September 6, 2015.",369400,True,2
76561198045657223,"Posted May 1, 2014.",220240,True,2
76561198079517873,"Posted March 15, 2014.",730,True,2
76561198057503575,"Posted June 21, 2015.",570,True,1
76561198069746097,"Posted December 23, 2013.",17480,True,2
chanthecat,"Posted November 25, 2013.",248820,True,2
76561198085572287,"Posted February 21, 2015.",570,True,1
vdemyx,"Posted April 2, 2014.",265930,True,1
76561198058267330,"Posted September 3, 2014.",240,True,1
vmos,Posted June 28.,204360,True,2
HeyCry,"Posted February 12, 2014.",252490,True,1
76561198078751822,"Posted July 7, 2014.",291480,True,1
Weaselbeast,"Posted January 27, 2014.",218230,True,2
76561198027033328,"Posted February 8, 2014.",220,True,2
LUK3Gaming,"Posted December 29, 2015.",730,True,2
Whyulame,"Posted April 30, 2015.",287980,True,2
Whyulame,"Posted June 13, 2014.",206190,True,2
76561198083405389,"Posted May 31, 2015.",363970,True,1
WL124,"Posted December 3, 2013.",8930,True,2
76561198082003123,"Posted April 10, 2014.",218230,True,2
76561198067490430,Posted January 11.,32800,True,2
76561197981780630,"Posted June 20, 2014.",730,True,2
typic41,"Posted June 1, 2014.",730,True,1
76561198076250691,"Posted May 30, 2014.",209670,True,2
76561198076250691,"Posted July 25, 2014.",50130,True,2
76561198154660282,"Posted March 6, 2015.",72850,True,1
76561198121985910,"Posted March 27, 2015.",304930,True,2
76561198079194020,Posted March 31.,252490,False,0
76561198041106810,"Posted November 30, 2013.",8870,True,2
76561198097725340,Posted July 31.,372000,False,1
Zacmanmerl,"Posted March 29, 2014.",202170,True,2
76561198162831665,"Posted June 27, 2015.",730,True,1
76561198079339771,Posted May 28.,301520,True,1
97263354,"Posted July 12, 2014.",730,True,2
ROGUESPARKZ,"Posted September 26, 2015.",221100,False,0
76561198078111795,"Posted January 23, 2014.",4000,True,2
nanotyrano,"Posted December 26, 2013.",38740,True,2
Whyyyyyyyyyyyyyyyy,"Posted February 21, 2014.",113400,False,1
76561198058546299,"Posted December 29, 2013.",225260,True,0
michaelpfuzz,"Posted July 13, 2012.",105600,True,1
76561198023473880,"Posted September 29, 2014.",226840,True,2
skittles1696,"Posted June 14, 2015.",219640,True,1
76561198044718459,"Posted December 28, 2015.",570,True,2
Brismo,"Posted November 26, 2013.",208090,True,2
76561198057814273,"Posted December 19, 2015.",730,False,0
aetheling,"Posted August 16, 2013.",219150,True,1
76561198085225506,"Posted February 10, 2015.",440,True,2
Light7T7,"Posted January 15, 2014.",218620,True,2
Monkers,"Posted February 22, 2014.",730,True,2
76561197960909955,Posted January 22.,730,True,1
76561197962025274,"Posted July 2, 2015.",245470,True,1
GeminiRJ,"Posted December 12, 2015.",246620,True,1
76561197967253452,"Posted December 18, 2015.",393420,True,1
deviousbastard,"Posted March 24, 2015.",292630,False,0
76561197969678792,Posted February 2.,264710,True,0
TooEasyTeeZee,"Posted May 7, 2014.",730,True,1
TheAussieBeast,"Posted June 26, 2015.",208650,False,0
76561197971541516,"Posted November 11, 2015.",287450,True,2
76561197972758795,"Posted December 10, 2015.",22380,True,1
snakentheninja,Posted June 30.,620,True,2
drsaw,Posted January 9.,24200,True,1
reowmeowmeow,"Posted April 16, 2014.",730,True,2
vgaubersoldat,"Posted July 30, 2014.",304930,True,2
76561197995146832,"Posted May 17, 2015.",239350,True,1
phooks,"Posted February 19, 2014.",242920,True,1
qisforBAWS-AHHh,Posted March 6.,70000,True,1
SKARRRMaera,"Posted January 18, 2014.",206420,True,2
76561198001346295,"Posted October 7, 2014.",570,True,1
holbee,"Posted January 17, 2015.",205100,True,2
revalation90,"Posted February 17, 2011.",63200,True,1
76561198003735361,"Posted November 15, 2014.",261640,True,1
76561198004163464,"Posted January 11, 2014.",211820,True,2
rav33nooo,"Posted January 28, 2014.",238430,True,1
wublord,"Posted February 13, 2014.",218230,True,0
76561198006487501,"Posted February 16, 2015.",345650,True,2
76561198007587759,"Posted July 12, 2014.",107100,True,2
wolffen117,"Posted December 11, 2015.",91700,True,2
76561198008972209,"Posted February 28, 2013.",49520,True,2
the_seaward,"Posted June 13, 2015.",310080,True,2
76561198012014419,"Posted December 15, 2014.",266010,True,2
NeverfailGaming,"Posted February 18, 2015.",730,True,1
76561198013206795,"Posted October 25, 2015.",265610,True,2
76561198015240666,"Posted January 18, 2014.",240,True,1
DANOID,Posted March 10.,365590,False,0
76561198015943925,"Posted October 18, 2014.",72850,True,2
brenos619,"Posted September 8, 2014.",305260,True,1
stevo188,"Posted July 3, 2014.",238010,True,2
gizzy124,"Posted December 18, 2014.",730,True,1
76561198021355294,"Posted May 4, 2015.",72850,True,2
231091,"Posted December 1, 2013.",220240,True,2
76561198024635857,"Posted February 10, 2014.",244850,True,1
rustygamer,"Posted October 27, 2014.",440,True,1
76561198025973830,Posted March 4.,391540,True,2
Riverthetf2medic,"Posted November 27, 2013.",218620,True,2
snowayyu,"Posted April 24, 2014.",223710,True,1
kalsign,"Posted June 13, 2014.",202970,False,1
gonzobear,"Posted June 25, 2014.",220440,True,1
76561198027941351,"Posted January 8, 2015.",274940,True,2
76561198028172459,Posted May 15.,204100,True,2
MrBreeze123,"Posted July 2, 2014.",291480,False,2
MrBreeze123,"Posted March 23, 2014.",48700,True,1
InsanityAtHeart,"Posted January 31, 2014.",208090,True,1
76561198032837913,"Posted July 3, 2014.",730,True,2
76561198033258188,"Posted December 8, 2013.",219150,True,2
DarkSniperz,"Posted September 26, 2014.",304930,True,2
burntmuffins,"Posted February 3, 2014.",252490,False,2
76561198035409075,"Posted February 15, 2014.",208090,True,1
76561198035428985,"Posted March 18, 2015.",261640,True,1
76561198035509771,"Posted May 27, 2015.",730,True,1
bentatle338,"Posted December 25, 2013.",55230,True,1
76561198035595907,"Posted June 12, 2014.",243870,False,1
foundationrepair,"Posted May 3, 2014.",252490,False,2
76561198035844752,"Posted July 25, 2014.",243870,False,1
bay4p,"Posted January 21, 2015.",252490,False,1
utok85,Posted February 12.,227940,True,2
rajaakmalol,"Posted May 2, 2015.",570,True,2
76561198037334538,"Posted July 13, 2012.",570,True,2
Unwanted_Relic,"Posted October 23, 2015.",366220,True,2
76561198038227615,"Posted December 15, 2014.",730,True,1
ikmujn,Posted January 10.,238430,True,2
blynch94,"Posted August 4, 2014.",570,True,1
76561198039772194,"Posted January 6, 2014.",238960,True,2
76561198039900276,"Posted February 8, 2014.",49520,True,2
76561198040965712,"Posted February 14, 2014.",72850,True,1
kingkottah,"Posted June 26, 2014.",248820,True,2
kingkottah,"Posted June 11, 2014.",570,True,1
eileen007,"Posted September 20, 2014.",730,True,2
detcaderm5,"Posted December 17, 2015.",319630,True,1
76561198041513805,"Posted May 8, 2015.",299360,True,1
crysis049,"Posted October 8, 2014.",241930,True,2
76561198041842088,"Posted June 17, 2015.",242860,True,1
nuddebeee,"Posted September 9, 2014.",1840,True,1
76561198042452592,Posted June 16.,440,True,1
76561198042856696,"Posted October 15, 2014.",282760,True,2
Red_Kn1ght,"Posted June 21, 2015.",251430,True,2
NateTheSquid,"Posted July 25, 2015.",211820,True,1
ThereInTheTrees,"Posted July 10, 2013.",340,True,1
ThereInTheTrees,"Posted June 22, 2013.",4000,True,1
76561198045086352,"Posted May 31, 2014.",231060,True,1
76561198045266632,"Posted August 1, 2014.",304930,True,2
76561198045470177,"Posted June 6, 2015.",104700,False,1
76561198045632922,"Posted May 31, 2014.",43160,True,2
CdogAu,"Posted October 31, 2015.",730,True,2
WeTheGods,"Posted December 21, 2013.",221100,True,1
PlayerXD2,Posted April 27.,440,True,1
maxwellstime,"Posted December 1, 2013.",620,True,2
Brensarinn_,"Posted January 31, 2014.",550,False,1
76561198047016483,Posted April 17.,223710,False,1
76561198047360521,Posted May 13.,570,False,2
76561198048018550,"Posted September 5, 2014.",730,True,2
76561198048119581,"Posted August 3, 2014.",8930,True,1
76561198048416962,"Posted February 6, 2014.",730,True,1
76561198048591384,"Posted June 20, 2014.",200210,True,0
76561198048591384,"Posted December 15, 2013.",218230,True,2
jackedowns8,"Posted December 16, 2013.",259080,True,2
ikickarse1,"Posted December 26, 2012.",620,True,2
76561198048912103,"Posted May 9, 2015.",322330,True,2
krizaya,"Posted July 11, 2014.",48700,True,1
sikkentm98,"Posted December 19, 2014.",221100,False,1
76561198049665282,"Posted January 23, 2015.",730,True,1
76561198049709492,"Posted February 14, 2014.",49520,True,1
R4TGOD,"Posted February 16, 2014.",570,True,1
TheMidgetNinja,"Posted September 6, 2014.",48000,True,1
lunaqua,"Posted June 15, 2013.",35720,True,2
76561198050768633,"Posted July 11, 2014.",440,True,2
76561198050778010,"Posted January 19, 2015.",730,True,2
YUIO977KL,"Posted July 10, 2014.",243870,True,2
mystic_guardian,Posted July 9.,440,False,1
76561198051887472,"Posted June 22, 2015.",218620,True,1
76561198052390326,"Posted December 22, 2013.",241540,True,2
BradS_23,"Posted June 14, 2015.",730,True,1
76561198052823187,"Posted July 4, 2014.",218620,True,2
76561198052995497,"Posted July 23, 2014.",304930,True,2
76561198053373904,Posted May 20.,8930,True,1
kevin_asian,"Posted September 21, 2014.",570,True,2
76561198054037865,"Posted July 4, 2015.",105600,True,1
SteamSpotty,"Posted September 9, 2014.",730,True,2
76561198054263515,"Posted October 24, 2014.",440,True,2
Mr_Rand0m,"Posted December 17, 2013.",4000,True,1
fuckthefrench,"Posted September 10, 2015.",570,True,2
fuckthefrench,"Posted August 8, 2014.",274250,False,1
76561198054659839,Posted June 24.,47920,True,1
76561198054828064,"Posted April 21, 2014.",440,True,2
Flubbabubby,"Posted July 3, 2014.",4000,True,1
76561198055155516,"Posted June 19, 2015.",17410,True,2
76561198055656673,"Posted September 12, 2015.",209870,False,1
76561198055723594,"Posted February 17, 2014.",252490,True,2
76561198055762774,"Posted February 2, 2014.",4000,True,2
jimmyt2002,"Posted August 15, 2014.",212800,True,0
76561198056182823,"Posted April 30, 2015.",440,False,1
TimonTheSentry,"Posted October 18, 2015.",218620,False,0
TimonTheSentry,Posted July 3.,8870,True,2
TimonTheSentry,"Posted March 10, 2012.",440,True,1
76561198056763607,"Posted January 30, 2015.",440,True,1
idEmlyn,Posted July 28.,200210,True,2
XXX_BLUNT_XXX,"Posted December 21, 2014.",440,True,1
76561198057359314,"Posted August 19, 2014.",304930,True,2
76561198058193255,"Posted December 24, 2013.",440,True,2
145578,"Posted September 4, 2014.",218620,True,1
76561198058582598,"Posted July 18, 2014.",274190,True,1
76561198058703587,"Posted December 4, 2013.",440,True,2
76561198058805259,"Posted April 16, 2014.",221100,True,1
76561198058872726,"Posted February 3, 2014.",440,True,1
Theramajik,"Posted April 2, 2015.",400,True,2
76561198058959249,"Posted October 26, 2014.",221100,True,0
76561198058974541,"Posted April 19, 2015.",730,True,1
76561198059055293,Posted January 4.,222880,True,2
76561198059132464,"Posted October 17, 2014.",440,True,1
76561198059391736,"Posted May 21, 2015.",730,True,1
76561198059631745,"Posted September 9, 2014.",265630,True,1
76561198060046037,"Posted December 27, 2013.",440,True,1
76561198060170459,Posted May 28.,311210,True,1
76561198060347350,"Posted May 13, 2013.",570,True,1
76561198060461443,"Posted January 6, 2014.",252490,True,2
76561198060663389,"Posted February 12, 2014.",109600,True,2
76561198060843908,"Posted December 15, 2013.",440,True,2
76561198060941211,"Posted April 28, 2014.",107900,True,2
76561198061056821,"Posted June 15, 2015.",730,True,2
76561198061904130,Posted June 29.,252490,True,2
76561198062183529,"Posted August 15, 2014.",24240,True,2
76561198062577073,"Posted December 15, 2015.",440,True,1
76561198062577073,"Posted January 3, 2015.",238460,True,1
76561198062647126,"Posted November 29, 2013.",570,True,1
hibby,"Posted June 3, 2015.",238320,True,2
leebuns,"Posted April 6, 2014.",620,True,2
76561198063116217,"Posted January 6, 2015.",261640,True,1
FF7Swag,"Posted November 26, 2014.",265930,True,2
76561198063399108,"Posted August 8, 2014.",730,True,2
76561198063423478,"Posted September 13, 2014.",202970,True,1
76561198063424815,"Posted May 4, 2014.",440,True,2
UbisoftIsBadOnPC,"Posted September 18, 2015.",440,True,1
76561198063642749,Posted January 11.,730,True,1
76561198063851048,"Posted April 6, 2015.",17470,True,1
76561198064261294,"Posted October 27, 2014.",218620,True,1
76561198064649892,"Posted January 31, 2014.",2400,True,1
76561198064871658,"Posted July 24, 2014.",248570,True,1
nolvatrash,"Posted June 22, 2014.",242050,False,1
76561198065036786,"Posted December 16, 2015.",4000,True,1
RhythmGaming,"Posted November 25, 2013.",108600,True,0
76561198065098570,"Posted July 5, 2013.",220,True,1
ktrannasaurus,"Posted June 9, 2015.",730,True,2
76561198065161919,"Posted July 6, 2014.",440,True,1
76561198065305102,"Posted December 20, 2013.",440,True,2
76561198065643877,"Posted April 12, 2014.",242820,True,2
76561198065779563,"Posted April 22, 2015.",301520,True,2
ProSniperCOREY,"Posted November 25, 2013.",440,True,2
76561198065955655,"Posted November 30, 2013.",206420,True,1
stratex5,"Posted February 1, 2014.",730,True,2
76561198066130445,"Posted June 20, 2015.",247000,True,1
76561198066772381,"Posted March 17, 2015.",298520,True,2
111190869,"Posted April 27, 2015.",242860,True,2
76561198066935844,"Posted June 22, 2015.",570,True,1
76561198067034890,"Posted April 23, 2014.",24200,True,2
Ackkracck,"Posted July 13, 2014.",241640,True,1
glorytothedprk,Posted February 13.,252490,True,1
jcksm61,"Posted May 29, 2014.",206210,True,2
verraldo,"Posted April 15, 2014.",49520,True,2
76561198067818566,"Posted May 2, 2013.",440,True,2
76561198067906460,"Posted August 5, 2012.",33220,True,1
DOTAultimate321100,"Posted May 19, 2015.",730,True,0
76561198068387908,"Posted May 6, 2014.",4000,True,2
76561198068644182,"Posted December 12, 2013.",105600,True,2
76561198068655831,"Posted March 25, 2015.",218620,True,0
76561198068960493,"Posted February 21, 2014.",105600,True,0
XbuffyX,"Posted November 1, 2013.",440,True,1
76561198069088118,Posted April 25.,440,True,1
76561198069089973,"Posted July 15, 2014.",440,True,1
DaRkyOuTuBe,"Posted February 10, 2014.",49520,True,2
kesduja,"Posted April 6, 2014.",221640,True,2
6367468774734664754,"Posted September 9, 2014.",221640,True,2
76561198069625198,"Posted October 27, 2015.",105600,True,2
General_Fish,"Posted September 11, 2014.",440,True,2
expos,"Posted February 7, 2015.",730,True,1
expos,"Posted September 7, 2014.",440,True,2
76561198070156335,"Posted January 30, 2015.",319510,False,0
ShanonLilleyman,"Posted February 7, 2014.",208090,False,0
76561198070293067,"Posted November 20, 2014.",107410,True,2
76561198070475435,"Posted December 4, 2013.",230050,True,2
Adrianobukvic,"Posted April 19, 2014.",4000,True,1
76561198070651185,"Posted July 12, 2015.",105600,True,2
76561198070710816,"Posted December 29, 2014.",440,True,2
76561198070940556,Posted February 29.,730,True,2
76561198070940816,"Posted January 16, 2014.",238960,True,2
Dizzypoke,"Posted July 5, 2015.",204360,True,1
CanDucksFly,"Posted May 2, 2014.",4000,True,2
kamiwapax,"Posted June 28, 2014.",218230,True,2
failpunch,"Posted November 16, 2015.",49520,True,2
mrtenacity99,"Posted July 19, 2014.",730,True,1
76561198071593272,"Posted June 21, 2014.",220240,True,2
flightdrive,"Posted December 3, 2013.",105600,True,2
76561198071907909,"Posted October 12, 2015.",285900,True,2
plskeelkan,"Posted June 3, 2014.",730,True,1
76561198072151803,"Posted December 13, 2014.",241930,True,1
76561198072265305,"Posted February 27, 2015.",252490,True,1
76561198072660787,"Posted August 8, 2013.",221640,True,2
76561198072706321,"Posted April 24, 2014.",265930,True,2
NeoESWhiteoutZ,"Posted April 1, 2015.",730,True,2
76561198072838748,"Posted March 21, 2014.",42910,True,1
jagatha,"Posted February 14, 2015.",620,True,0
jinggosbenar,"Posted February 7, 2014.",49520,True,1
blastingdiamond,"Posted June 22, 2014.",63380,True,2
76561198073110357,"Posted April 4, 2014.",113200,True,1
odenp,"Posted June 8, 2014.",221380,True,2
76561198073346300,"Posted March 1, 2015.",570,True,1
76561198073363859,"Posted October 24, 2014.",230410,True,2
76561198073441647,"Posted January 31, 2015.",335240,True,1
76561198073471590,"Posted June 27, 2014.",252490,True,2
76561198073631877,"Posted November 14, 2015.",730,True,1
76561198073673753,"Posted January 16, 2014.",241540,True,1
76561198073722309,"Posted December 5, 2014.",24200,True,2
76561198073818391,Posted April 13.,230410,True,1
Mouldy_Oreo,"Posted September 13, 2014.",200210,True,1
zudikas,"Posted September 27, 2013.",440,True,2
76561198074170361,"Posted October 16, 2014.",1250,True,1
76561198074516105,"Posted May 6, 2015.",236390,True,2
koreansalt,"Posted July 18, 2014.",440,True,2
collinmaraan,"Posted June 24, 2014.",570,True,1
76561198075211954,"Posted September 11, 2014.",230230,True,2
76561198075375032,Posted January 16.,730,True,2
swinson123,"Posted May 28, 2014.",440,True,2
76561198075551070,"Posted December 28, 2013.",265210,True,1
76561198075660786,"Posted October 26, 2015.",238460,True,1
76561198075674170,Posted March 13.,440,True,1
76561198075883349,"Posted March 8, 2014.",4000,True,2
B74CK0UT,Posted April 7.,208090,True,1
76561198076117785,Posted June 29.,374950,False,1
76561198076209538,"Posted February 18, 2014.",4000,True,1
rabitar,Posted July 23.,319630,True,2
Allenwoohoo,"Posted May 7, 2015.",230410,True,1
police12,"Posted June 6, 2015.",440,True,1
76561198076470478,Posted April 9.,730,True,1
76561198076482697,"Posted February 19, 2013.",4000,True,2
TheNotPlaying,"Posted February 4, 2014.",730,True,2
CuriousJackson,"Posted October 18, 2014.",730,True,2
76561198076758894,"Posted March 11, 2015.",33930,True,1
eternityquest,"Posted December 7, 2013.",219870,False,1
Brighty__,"Posted June 14, 2014.",34870,False,1
DoctorWho1995,"Posted March 25, 2015.",255710,True,0
76561198078830019,"Posted July 13, 2015.",230410,True,2
76561198078911240,"Posted December 9, 2013.",200210,True,2
76561198079142162,"Posted July 28, 2014.",440,True,2
76561198079159782,"Posted July 28, 2015.",730,True,1
76561198079225059,Posted January 4.,252950,True,1
76561198079253190,"Posted October 3, 2015.",219740,True,1
76561198079337749,"Posted January 3, 2014.",219640,True,1
76561198079505776,"Posted January 13, 2015.",730,True,2
76561198079820066,"Posted January 14, 2015.",265930,False,1
76561198079825718,"Posted February 21, 2014.",224260,True,1
IshallHaveYourNipples,"Posted December 7, 2013.",224260,True,1
76561198079929251,"Posted July 22, 2014.",304930,True,2
endel1990,"Posted October 6, 2015.",233450,True,2
mattcolt,"Posted December 16, 2014.",570,True,0
GCoser,"Posted January 5, 2015.",219740,True,1
GCoser,"Posted December 3, 2013.",216250,True,1
76561198080292523,"Posted April 7, 2014.",440,True,0
76561198080317444,"Posted April 23, 2015.",301520,True,1
76561198080347018,"Posted July 22, 2014.",440,True,1
76561198080415544,Posted February 10.,218620,False,1
76561198080432945,"Posted November 3, 2015.",304050,True,2
Scott752,"Posted February 1, 2015.",241930,True,2
76561198080695402,"Posted March 10, 2014.",440,True,2
76561198080704551,Posted January 9.,222880,True,2
76561198080752786,"Posted May 2, 2015.",233700,True,1
PranavStupidVac,"Posted January 28, 2014.",570,True,2
kuzalove,"Posted May 4, 2014.",570,True,1
76561198081470570,"Posted February 7, 2014.",440,True,2
MyLoins,"Posted June 8, 2015.",301520,True,2
didlnwzaa,"Posted August 1, 2015.",730,True,1
MiguelZ1K4,"Posted March 16, 2014.",210770,True,2
YellowPack,"Posted March 1, 2014.",10180,True,1
76561198082295026,"Posted January 19, 2014.",252490,True,1
76561198082565091,"Posted December 24, 2013.",214630,True,2
76561198082877221,Posted January 6.,306130,True,2
naynnay,"Posted March 2, 2014.",220,True,2
Nowada,"Posted February 9, 2015.",4000,True,0
76561198083225755,"Posted July 15, 2014.",304930,True,2
76561198083365064,"Posted March 24, 2014.",440,True,2
76561198083490956,"Posted July 21, 2014.",4000,True,1
76561198083717613,"Posted July 18, 2015.",205100,True,1
inorisanbaka,"Posted May 2, 2014.",730,False,0
EskeLAD,"Posted September 24, 2014.",440,True,1
76561198083901617,"Posted March 31, 2015.",4000,True,1
Tvig72,"Posted April 21, 2014.",243870,True,2
76561198084151651,"Posted March 16, 2014.",213670,True,1
76561198084294278,"Posted September 8, 2015.",287700,True,1
plsgiveme140hz,"Posted June 30, 2014.",570,True,2
machine2341,"Posted January 17, 2014.",730,True,2
76561198084948394,"Posted December 26, 2013.",550,True,1
whenducksattack92,"Posted April 27, 2015.",72850,False,0
76561198085183415,"Posted December 23, 2015.",730,False,1
0132489,"Posted April 22, 2014.",224260,True,1
76561198085792941,"Posted December 1, 2015.",570,True,2
76561198085867671,"Posted January 1, 2014.",550,True,1
jamesmario,"Posted August 19, 2014.",6060,True,2
viniciuspolux,"Posted July 2, 2015.",304930,True,1
viniciuspolux,"Posted July 16, 2013.",730,True,1
Masterhour,"Posted October 28, 2015.",252950,True,2
Makenziethecat,"Posted March 9, 2015.",22370,True,1
76561198086661632,"Posted July 10, 2014.",440,True,2
76561198086933353,"Posted December 22, 2015.",730,True,1
76561198087167215,"Posted December 30, 2013.",251570,True,2
76561198087380689,"Posted March 1, 2014.",550,True,1
XFLAREMANXISAWESOME,"Posted September 17, 2014.",550,True,2
GumbyBum,"Posted May 25, 2014.",235600,True,1
76561198087843941,"Posted January 6, 2014.",241600,True,2
76561198088037781,Posted January 15.,383080,False,1
76561198088472385,"Posted May 4, 2013.",440,True,2
DS44205,"Posted December 30, 2015.",570,True,0
76561198088854011,"Posted March 25, 2015.",24200,True,1
76561198088891836,"Posted February 25, 2014.",221100,True,2
76561198089127271,"Posted July 19, 2014.",620,True,1
76561198089193401,"Posted February 9, 2014.",440,True,1
76561198089713205,Posted April 13.,216150,True,1
dromhydrax,"Posted August 11, 2013.",12900,True,1
76561198089722795,"Posted June 13, 2014.",239660,True,2
76561198089768747,Posted April 29.,218620,True,1
76561198089821852,"Posted December 22, 2013.",230410,True,2
76561198089846453,"Posted July 29, 2014.",261530,True,0
76561198090089821,"Posted January 13, 2014.",202970,True,1
76561198090331907,"Posted December 13, 2013.",200510,True,2
76561198090560137,"Posted June 5, 2013.",440,True,1
JonesD2017,"Posted February 4, 2014.",221100,True,0
JonesD2017,"Posted November 23, 2015.",4760,True,2
JonesD2017,"Posted October 7, 2014.",295550,False,1
JonesD2017,"Posted May 10, 2013.",218230,False,0
blinded2003,Posted January 19.,238320,True,1
76561198090949532,"Posted February 16, 2014.",250600,True,1
76561198091213907,"Posted June 20, 2014.",98200,True,2
hideyukizkung,"Posted November 29, 2013.",206420,True,1
xUnkaNinjazZz,"Posted August 17, 2014.",730,True,1
mcjack943,"Posted April 2, 2014.",202970,True,2
dojija,"Posted October 4, 2015.",730,True,1
LonTheDarkGamer,"Posted February 12, 2015.",221100,True,2
LonTheDarkGamer,Posted March 16.,239030,True,2
76561198091631250,Posted January 6.,440,True,2
2JZEEEEBABY,"Posted June 2, 2014.",202970,True,2
2JZEEEEBABY,"Posted September 26, 2015.",234630,True,2
76561198091755029,"Posted April 7, 2014.",208090,True,2
itsabeeluigi,"Posted February 2, 2014.",40800,True,2
76561198091926245,Posted January 19.,8930,True,2
ragnolf32,Posted April 17.,70300,True,2
nimatha,"Posted December 14, 2013.",230410,True,2
SirCanadianGuy,"Posted October 10, 2015.",440,True,2
76561198092229748,"Posted September 4, 2015.",227940,True,2
76561198092374007,Posted September 10.,346110,False,0
23974656456,"Posted November 27, 2014.",300380,True,2
76561198093284207,"Posted August 14, 2015.",730,True,2
76561198093507873,"Posted August 11, 2014.",304930,True,2
76561198093557146,"Posted June 5, 2013.",9200,True,1
76561198093567765,"Posted September 25, 2014.",440,True,1
Nickelodeon1337,"Posted September 27, 2015.",223710,True,1
ProfessionalAssFace,"Posted November 29, 2013.",113200,True,2
76561198094417840,"Posted December 2, 2013.",218330,True,1
76561198094673961,"Posted January 9, 2014.",440,True,2
thomasbolch,"Posted October 7, 2015.",332310,True,2
76561198095160053,"Posted June 12, 2015.",240,True,1
megatrom2000,"Posted June 18, 2015.",440,True,1
76561198095217647,"Posted July 22, 2015.",113400,True,2
76561198095271002,"Posted June 25, 2013.",440,True,1
76561198095360391,Posted January 9.,4000,True,1
76561198095659852,"Posted November 29, 2013.",49520,True,1
JuanWayToTheTop,"Posted January 9, 2014.",233720,True,1
nomoredupes,Posted February 24.,730,True,2
76561198095874772,"Posted July 2, 2014.",262410,True,1
76561198095947504,"Posted August 2, 2014.",730,True,2
76561198096044900,"Posted November 10, 2015.",440,True,2
VictoryIsThievery,"Posted June 19, 2015.",293010,True,2
76561198096112668,"Posted November 19, 2015.",201870,True,2
76561198096268241,"Posted November 29, 2013.",230410,True,1
76561198096436727,"Posted December 9, 2013.",42910,True,2
76561198096458693,"Posted September 29, 2014.",730,True,1
76561198096460086,Posted April 19.,291550,True,1
rgdraco,Posted February 13.,200710,True,2
76561198097165402,"Posted November 29, 2013.",1250,True,2
76561198097194571,"Posted October 26, 2014.",105600,True,2
AdoptedChicken,"Posted July 8, 2015.",4000,True,1
76561198097768337,"Posted August 28, 2014.",20500,True,2
76561198097768337,"Posted May 24, 2015.",242860,True,2
76561198097913004,"Posted August 17, 2014.",440,True,2
TheDarkFreeman,"Posted August 28, 2014.",440,True,1
76561198098469568,"Posted May 20, 2014.",99900,True,2
76561198100155466,"Posted December 2, 2013.",47790,True,1
76561198100287032,"Posted October 30, 2014.",24200,True,1
76561198100347033,"Posted August 23, 2014.",440,True,2
76561198100835265,"Posted December 25, 2013.",440,True,2
76561198101101733,Posted July 10.,312990,True,1
VacantGoose857,"Posted October 29, 2015.",440,True,1
76561198102348131,"Posted February 16, 2015.",440,True,2
76561198102687781,"Posted December 13, 2014.",570,True,1
kakabezerra,"Posted April 27, 2014.",243870,True,1
76561198103482540,Posted August 6.,319630,True,1
Bullgull,"Posted November 20, 2015.",4000,True,1
76561198105111413,"Posted April 25, 2014.",224260,True,0
76561198106204590,"Posted April 6, 2014.",72850,True,2
76561198107034938,"Posted March 14, 2014.",440,True,1
76561198107235245,"Posted November 26, 2013.",10,True,1
76561198107283457,Posted March 20.,225420,True,1
76561198107567492,"Posted September 18, 2015.",570,True,1
cowmacow3,"Posted July 18, 2014.",31280,True,1
76561198109102495,"Posted June 25, 2014.",61730,True,1
reminator1234,"Posted January 25, 2015.",221100,True,2
76561198114712847,"Posted June 30, 2015.",42680,True,2
GLaDOSdragon117,Posted March 25.,368230,True,2
AnalTenticles,Posted July 6.,250600,True,2
76561198116458543,"Posted June 21, 2014.",105600,True,1
get_rekt_in_the_bum,"Posted January 14, 2015.",10180,True,1
get_rekt_in_the_bum,"Posted October 21, 2014.",218620,True,1
enari_steam,"Posted July 25, 2015.",255710,True,2
76561198121416938,"Posted January 13, 2014.",570,True,2
zaza147,"Posted June 9, 2014.",440,True,1
76561198121793592,Posted March 12.,730,True,1
ScammedByDeathHand,"Posted February 9, 2015.",570,True,1
Corzio,"Posted June 23, 2014.",730,True,1
AMarioL,"Posted February 28, 2015.",298630,True,2
76561198129035619,"Posted May 2, 2014.",105600,True,1
76561198129147895,"Posted December 5, 2014.",107900,True,1
EchoXSilence,"Posted June 8, 2014.",730,True,1
76561198131055980,"Posted December 21, 2014.",265930,True,2
76561198131459436,"Posted August 16, 2015.",346900,True,2
79694738686698975975,"Posted December 17, 2014.",440,True,2
76561198135631832,"Posted May 27, 2014.",570,True,2
76561198139533051,"Posted June 21, 2014.",440,True,1
76561198141694307,"Posted July 8, 2014.",730,True,1
turdicles,"Posted January 11, 2015.",440,True,2
76561198142646079,"Posted December 4, 2014.",224260,True,2
L_DiCaprio,"Posted August 19, 2014.",730,True,1
beddoni,"Posted April 25, 2015.",218620,True,2
teaza13za,"Posted August 15, 2014.",304930,True,1
cozzabro,"Posted June 2, 2015.",730,True,0
BreckiRedi,"Posted August 27, 2014.",239450,True,1
76561198153660339,"Posted September 8, 2014.",224580,False,1
TheRealBangz,"Posted September 29, 2015.",730,True,2
76561198166061333,"Posted March 2, 2015.",730,True,2
Freakazoidz,"Posted December 5, 2014.",730,True,1
Section_279,Posted February 8.,730,True,1
brodielatimer,Posted April 23.,271590,True,2
llDracuwulf,"Posted October 29, 2015.",307130,True,1
76561198229845636,Posted August 23.,730,True,1
pigeonie,"Posted September 4, 2015.",440,True,2
76561198261200685,Posted April 30.,413150,True,2
ChrisCoroner,Posted May 5.,209120,True,2
